{
    "reference_points": [
        [
            -13.478260869565219,
            0.4347826086956541
        ],
        [
            -13.478260869565219,
            20.434782608695656
        ],
        [
            6.5217391304347805,
            20.434782608695656
        ],
        [
            6.5217391304347805,
            0.4347826086956541
        ],
        [
            6.5217391304347805,
            10.434782608695654
        ],
        [
            26.52173913043478,
            10.434782608695654
        ],
        [
            26.52173913043478,
            -9.565217391304346
        ],
        [
            6.5217391304347805,
            -9.565217391304346
        ],
        [
            -3.4782608695652195,
            0.4347826086956541
        ],
        [
            -3.4782608695652195,
            -19.565217391304344
        ],
        [
            -23.47826086956522,
            -19.565217391304344
        ],
        [
            -23.47826086956522,
            0.4347826086956541
        ],
        [
            16.52173913043478,
            0.4347826086956541
        ],
        [
            -13.478260869565219,
            -9.565217391304346
        ],
        [
            -13.478260869565219,
            10.434782608695654
        ],
        [
            -3.4782608695652195,
            10.434782608695654
        ],
        [
            -3.4782608695652195,
            20.434782608695656
        ],
        [
            26.52173913043478,
            0.4347826086956541
        ],
        [
            16.52173913043478,
            10.434782608695654
        ],
        [
            16.52173913043478,
            -9.565217391304346
        ],
        [
            -3.4782608695652195,
            -9.565217391304346
        ],
        [
            -23.47826086956522,
            -9.565217391304346
        ],
        [
            -13.478260869565219,
            -19.565217391304344
        ]
    ],
    "fold_vector_points": [
        [
            0,
            14
        ],
        [
            2,
            16
        ],
        [
            2,
            4
        ],
        [
            3,
            8
        ],
        [
            4,
            3
        ],
        [
            4,
            18
        ],
        [
            5,
            17
        ],
        [
            6,
            19
        ],
        [
            7,
            3
        ],
        [
            0,
            8
        ],
        [
            8,
            20
        ],
        [
            9,
            22
        ],
        [
            10,
            21
        ],
        [
            11,
            0
        ],
        [
            4,
            12
        ],
        [
            5,
            12
        ],
        [
            12,
            7
        ],
        [
            12,
            6
        ],
        [
            8,
            13
        ],
        [
            9,
            13
        ],
        [
            13,
            11
        ],
        [
            13,
            10
        ],
        [
            0,
            15
        ],
        [
            14,
            1
        ],
        [
            4,
            15
        ],
        [
            15,
            14
        ],
        [
            15,
            2
        ],
        [
            16,
            1
        ],
        [
            16,
            15
        ],
        [
            15,
            8
        ],
        [
            1,
            15
        ],
        [
            15,
            3
        ],
        [
            17,
            6
        ],
        [
            3,
            12
        ],
        [
            12,
            17
        ],
        [
            18,
            5
        ],
        [
            19,
            7
        ],
        [
            18,
            12
        ],
        [
            12,
            19
        ],
        [
            20,
            9
        ],
        [
            21,
            11
        ],
        [
            20,
            13
        ],
        [
            13,
            21
        ],
        [
            22,
            10
        ],
        [
            0,
            13
        ],
        [
            13,
            22
        ]
    ],
    "intersection_fold_indices": [
        [
            16,
            38,
            17,
            34,
            15,
            37,
            14,
            33
        ],
        [
            21,
            45,
            19,
            41,
            18,
            44,
            20,
            42
        ],
        [
            22,
            29,
            31,
            24,
            26,
            28,
            30,
            25
        ]
    ],
    "sign_intersection_fold_indices": [
        [
            true,
            true,
            true,
            true,
            false,
            false,
            false,
            false
        ],
        [
            true,
            true,
            false,
            false,
            false,
            false,
            true,
            true
        ],
        [
            false,
            true,
            true,
            false,
            true,
            false,
            false,
            true
        ]
    ],
    "face_boundary": [
        [
            0,
            22,
            25
        ],
        [
            9,
            44,
            18
        ],
        [
            22,
            9,
            29
        ],
        [
            44,
            13,
            20
        ],
        [
            27,
            30,
            28
        ],
        [
            30,
            23,
            25
        ],
        [
            2,
            26,
            24
        ],
        [
            26,
            1,
            28
        ],
        [
            3,
            31,
            29
        ],
        [
            4,
            33,
            14
        ],
        [
            31,
            4,
            24
        ],
        [
            33,
            8,
            16
        ],
        [
            5,
            14,
            37
        ],
        [
            6,
            15,
            34
        ],
        [
            15,
            35,
            37
        ],
        [
            7,
            17,
            38
        ],
        [
            17,
            32,
            34
        ],
        [
            16,
            36,
            38
        ],
        [
            10,
            18,
            41
        ],
        [
            11,
            19,
            45
        ],
        [
            19,
            39,
            41
        ],
        [
            12,
            21,
            42
        ],
        [
            21,
            43,
            45
        ],
        [
            20,
            40,
            42
        ]
    ],