{
	"reference_points": [
		[-20, -20],
		[  0, -20],
		[ 20, -20],
		[-20,   0],
		[  0,   0],
		[ 20,   0],
		[-20,  20],
		[  0,  20],
		[ 20,  20]
	],
	"fold_vector_points": [
		[4, 0],
		[4, 1],
		[4, 2],
		[4, 3],
		[4, 5],
		[4, 6],
		[4, 7],
		[4, 8]
	],
	"intersection_fold_indices": [
		[0, 1, 2, 4, 7, 6, 5, 3]
	],
	"sign_intersection_fold_indices": [
		[true, true, true, true, true, true, true, true]
	],
	"face_boundary": [
		[3, 0], 
		[0, 1], 
		[1, 2],  
		[2, 4], 
		[4, 7], 
		[7, 6], 
		[6, 5],   
		[5, 3]  
	],
	"sign_face_boundary": [
		[true, false],
		[true, false],
		[true, false],
		[true, false],
		[true, false],
		[true, false],
		[true, false],
		[true, false]
	],
	"fixed_face": 7,
	"fold_angle_upper_bound":[ 
		3.141592653589793, 
		3.141592653589793,
		3.141592653589793,
		3.141592653589793,
		3.141592653589793,
		3.141592653589793,
		3.141592653589793,
		3.141592653589793
	],
	"fold_angle_lower_bound": [
		-3.141592653589793,
		-3.141592653589793,
		-3.141592653589793,
		-3.141592653589793,
		-3.141592653589793,
		-3.141592653589793,
		-3.141592653589793,
		-3.141592653589793
	],
	"fold_angle_initial_value": [
		0.0,
		0.0,
		0.0,
		0.0,
		0.0,
		0.0,
		0.0,
		0.0
	],
	"fold_angle_target": [
		-1.5707963267948966,
		 3.141592653589793,
		-1.5707963267948966,
		 3.141592653589793,
		 3.141592653589793,
		-1.5707963267948966,
		 3.141592653589793, 
		-1.5707963267948966
	]	
}